"mat_id","mat_eq_id_1","mat_eq_id_2","mat_eq_id_3","mat_eq_id_4","mat_journee","mat_statut","mat_pou_id","mat_sai_annee","mat_commentaire"
"20240000","1",NULL,NULL,NULL,NULL,"0","1","2024",
"20240001","325","325","230",NULL,"0","1","2","2024",
"20240002","48","48","230",NULL,"0","1","2","2024",
"20240003","61","7","230",NULL,"0","1","2","2024",
"20240004","287","287","230",NULL,"0","1","2","2024",
"20240006","320","320","230",NULL,"0","1","2","2024",
"20240007","317","317","230",NULL,"0","1","2","2024",
"20240008","328","328","230",NULL,"0","1","2","2024",
"20240009","329","295","230",NULL,"0","1","2","2024",
"20240010","32","32","230",NULL,"0","1","2","2024",
"20240011","61","323","230",NULL,"0","1","2","2024",
"20240012","287","287","230",NULL,"0","1","2","2024",
"20240013","306","306","230",NULL,"0","1","2","2024",
"20240014","306","306","230",NULL,"0","1","2","2024",
"20240015","310","17","230",NULL,"0","1","2","2024",
"20240016","317","317","230",NULL,"0","1","2","2024",
"20240017","295","329","230",NULL,"0","1","2","2024",
"20240019","320","320","230",NULL,"0","1","2","2024",
"20240020","320","320","230",NULL,"0","1","2","2024",
"20240021","287","287","230",NULL,"0","1","2","2024",
"20240022","31","31","230",NULL,"0","1","2","2024",
"20240023","328","48","230",NULL,"0","1","2","2024",
"20240024","330","330","230",NULL,"0","1","2","2024",
"20240025","259","259","230",NULL,"0","1","2","2024",
"20240026","259","259","230",NULL,"0","1","2","2024",
"20240029","4","32","230",NULL,"0","1","2","2024",
"20240030","313","313","230",NULL,"0","1","2","2024",
"20240031","56","56","230",NULL,"0","1","2","2024",
"20240032","11","11","230",NULL,"0","1","2","2024",
"20240033","330","330","230",NULL,"0","1","2","2024",
"20240034","56","56","230",NULL,"0","1","2","2024",
"20240035","7","7","230",NULL,"0","1","2","2024",
"20240036","287","320","230",NULL,"0","1","2","2024",
"20240037","320","320","230",NULL,"0","1","2","2024",
"20240038","31","31","230",NULL,"0","1","2","2024",
